SEASON_ID,MIN,FGM,FG_PCT,FG3M,FG3_PCT,FTM,FT_PCT,OREB,DREB,AST,STL,BLK,TOV,PF,PTS,PLUS_MINUS,YEAR_DAY,WEEK_DAY,REST_DAYS,OPPONENT_ID,W,W%_TOTAL,W%_OPPONENT,W%_RECENT,PPG_VS_OPPONENT
2017,37,5,0.417,1,0.5,3,1.0,4,6,3,0,0,1,4,14,5,290,2,0,39,0,0.0,0.0,0.0,14.0
2017,37,3,0.429,0,0.0,2,0.4,2,7,2,1,0,2,3,8,-15,291,3,1,49,0,0.0,0.0,0.0,8.0
2017,33,3,0.375,0,0.0,9,1.0,2,6,0,0,3,3,3,15,-4,293,5,2,55,1,0.33,1.0,0.33,15.0
2017,31,9,0.6,4,0.667,0,0.0,1,3,2,4,2,3,4,22,10,297,2,4,52,1,0.5,1.0,0.5,22.0
2017,28,3,0.5,1,0.333,5,1.0,0,2,3,1,0,2,1,12,8,299,4,2,49,1,0.6,0.5,0.6,10.0
2017,31,6,0.667,2,1.0,6,0.857,2,3,0,0,0,0,1,20,2,301,6,2,48,1,0.67,1.0,0.67,20.0
2017,35,2,0.286,2,0.5,1,0.5,0,11,2,0,3,2,3,7,10,303,1,2,59,1,0.71,1.0,0.71,7.0
2017,26,4,0.571,1,0.5,3,0.75,1,3,2,0,0,2,1,12,23,305,3,2,58,1,0.75,1.0,0.75,12.0
2017,30,4,0.4,2,0.667,3,0.75,2,4,3,0,0,4,1,13,4,307,5,2,60,1,0.78,1.0,0.78,13.0
2017,27,5,0.625,2,0.5,1,0.5,0,4,3,1,0,0,4,13,6,309,7,2,53,1,0.8,1.0,0.8,13.0
2017,32,7,0.538,3,0.6,4,1.0,0,8,1,1,2,0,1,21,15,310,1,1,37,1,0.82,1.0,0.9,21.0
2017,9,1,0.5,0,0.0,3,1.0,0,1,1,1,1,1,1,5,-1,312,3,2,47,1,0.83,1.0,1.0,5.0
2017,31,6,0.5,1,0.25,3,0.75,0,2,1,0,0,2,4,16,5,314,5,2,66,1,0.85,1.0,1.0,16.0
2017,33,6,0.4,1,0.25,0,0.0,1,6,0,0,0,2,3,13,2,316,7,2,61,1,0.86,1.0,1.0,13.0
2017,30,6,0.667,2,0.667,5,0.833,1,3,0,3,1,1,1,19,5,318,2,2,51,1,0.87,1.0,1.0,19.0
2017,27,2,0.4,0,0.0,8,0.889,1,3,0,1,0,1,3,12,-18,320,4,2,44,1,0.88,1.0,1.0,12.0
2017,29,5,0.455,1,0.333,3,1.0,0,7,0,4,2,1,3,14,-4,322,6,2,37,1,0.88,1.0,1.0,17.5
2017,38,6,0.545,0,0.0,3,0.75,0,9,1,1,1,1,3,15,15,324,1,2,42,1,0.89,1.0,1.0,15.0
2017,34,5,0.455,3,0.75,5,1.0,1,6,4,1,1,1,1,18,4,326,3,2,48,0,0.84,0.5,0.9,19.0
2017,22,4,0.571,3,0.75,0,0.0,1,1,0,1,2,0,1,11,13,328,5,2,53,1,0.85,1.0,0.9,12.0
2017,38,4,0.4,1,0.2,2,0.667,0,2,0,0,0,1,3,11,14,329,6,1,54,1,0.86,1.0,0.9,11.0
2017,35,3,0.429,2,0.5,2,1.0,1,2,4,0,1,1,5,10,-13,331,1,2,65,0,0.82,0.0,0.8,10.0
2017,28,6,0.545,2,0.667,1,0.333,0,2,2,2,0,0,1,15,7,334,4,3,55,1,0.83,1.0,0.8,15.0
2017,27,6,0.75,1,1.0,2,1.0,1,5,2,2,2,1,2,15,8,336,6,2,56,1,0.83,1.0,0.8,15.0
2017,33,5,0.833,4,0.8,3,0.75,0,6,0,0,0,1,1,17,8,338,1,2,49,1,0.84,0.67,0.8,12.33
2017,33,5,0.455,2,0.667,5,0.833,1,9,0,1,0,0,2,17,16,340,3,2,42,1,0.85,1.0,0.8,16.0
2017,36,6,0.545,2,0.5,6,1.0,0,8,0,2,0,0,0,20,-7,342,5,2,59,0,0.81,0.5,0.7,13.5
2017,30,4,0.571,3,0.6,0,0.0,0,4,0,0,1,1,1,11,12,344,7,2,65,1,0.82,0.5,0.7,10.5
2017,29,1,0.143,0,0.0,2,0.5,1,9,1,1,1,0,3,4,-3,345,1,1,41,0,0.79,0.0,0.7,4.0
2017,28,6,0.667,1,1.0,2,0.667,0,4,2,0,1,1,1,15,4,347,3,2,43,1,0.8,1.0,0.7,15.0
2017,26,1,0.167,1,0.333,4,1.0,0,4,2,0,0,1,4,7,-7,349,5,2,62,0,0.77,0.0,0.6,7.0
2017,34,7,0.538,2,1.0,3,1.0,6,4,1,2,2,0,1,19,21,350,6,1,63,1,0.78,1.0,0.7,19.0
2017,31,6,0.75,1,1.0,3,1.0,0,5,4,1,1,2,3,16,6,352,1,2,54,1,0.79,1.0,0.7,13.5
2017,28,4,0.444,0,0.0,3,0.75,0,7,2,0,1,1,2,11,3,354,3,2,48,0,0.76,0.33,0.6,16.33
2017,34,6,0.6,2,0.333,3,0.75,1,2,0,2,0,3,1,17,-6,355,4,1,52,0,0.74,0.5,0.5,19.5
2017,33,6,0.462,1,0.333,0,0.0,0,7,5,1,0,0,2,13,23,357,6,2,41,1,0.75,0.5,0.5,8.5
2017,36,7,0.778,2,1.0,4,0.667,0,3,0,0,0,4,3,20,-8,359,1,2,64,0,0.73,0.0,0.5,20.0
2017,35,6,0.5,0,0.0,6,1.0,0,5,0,2,2,2,3,18,10,361,3,2,66,1,0.74,1.0,0.5,17.0
2017,40,5,0.455,0,0.0,9,0.818,0,5,1,2,1,0,0,19,6,362,4,1,45,1,0.74,1.0,0.6,19.0
2017,33,2,0.286,1,0.333,4,0.667,0,4,0,0,0,4,3,9,-3,365,7,3,51,1,0.75,1.0,0.6,14.0
2017,30,6,0.429,1,0.333,2,1.0,0,5,2,0,0,0,1,15,21,3,3,3,39,1,0.76,0.5,0.7,14.5
2017,31,2,0.286,0,0.0,0,0.0,1,2,1,1,0,0,1,4,-11,5,5,2,50,1,0.76,1.0,0.7,4.0
2017,32,6,0.4,2,1.0,0,0.0,2,4,0,3,6,1,2,14,10,6,6,1,51,1,0.77,1.0,0.7,14.0
2017,24,7,0.538,1,0.333,1,0.5,1,3,2,0,0,1,3,16,-8,11,4,5,55,1,0.77,1.0,0.8,15.33
2017,27,3,0.5,2,0.5,2,1.0,0,5,2,0,1,3,1,10,-2,16,2,5,40,0,0.76,0.0,0.8,10.0
2017,37,4,0.364,1,0.333,2,0.5,0,4,0,2,2,2,3,11,-2,18,4,2,55,0,0.74,0.75,0.7,14.25
2017,31,4,0.364,1,0.25,0,0.0,3,7,1,1,1,2,2,9,3,21,7,3,53,0,0.72,0.67,0.7,11.0
2017,31,1,0.167,1,0.333,1,0.5,0,5,0,0,0,3,4,4,-2,23,2,2,47,0,0.71,0.5,0.6,4.5
2017,34,7,0.438,2,0.5,2,1.0,1,5,3,1,0,1,2,18,6,24,3,1,46,1,0.71,1.0,0.6,18.0
2017,28,2,0.222,0,0.0,0,0.0,0,5,0,1,0,1,1,4,7,27,6,3,44,0,0.7,0.5,0.5,8.0
2017,33,8,0.615,2,0.5,2,1.0,1,5,4,1,1,0,3,20,7,29,1,2,43,1,0.71,1.0,0.5,17.5
2017,31,7,0.467,1,0.25,0,0.0,0,3,1,0,0,0,0,15,29,31,3,2,52,1,0.71,0.67,0.5,18.0
2017,32,11,0.579,0,0.0,5,1.0,0,4,3,4,0,0,4,27,27,33,5,2,37,1,0.72,1.0,0.5,20.67
2017,36,6,0.429,3,0.6,2,1.0,0,2,5,0,0,3,2,17,2,35,7,2,57,1,0.72,1.0,0.5,17.0
2017,21,2,0.222,0,0.0,0,0.0,0,1,0,0,0,1,0,4,-16,37,2,2,61,0,0.71,0.5,0.5,8.5
2017,36,3,0.333,0,0.0,5,0.714,0,2,1,2,0,3,2,11,13,39,4,2,64,1,0.71,0.5,0.6,15.5
2017,36,6,0.545,0,0.0,3,1.0,0,3,1,0,4,2,2,15,-6,40,5,1,54,0,0.7,0.67,0.6,14.0
2017,27,4,0.364,1,0.5,0,0.0,1,1,1,1,0,2,3,9,-18,42,7,2,39,0,0.69,0.33,0.6,12.67
2017,32,4,0.308,1,0.25,1,1.0,0,4,2,0,0,0,2,10,-1,45,3,3,46,0,0.68,0.5,0.5,14.0
2017,21,6,0.667,2,0.667,1,1.0,0,1,0,0,1,1,2,15,-2,54,5,9,65,1,0.68,0.67,0.6,12.0
2017,26,3,0.333,0,0.0,5,1.0,1,4,4,4,1,2,1,11,21,55,6,1,52,1,0.69,0.75,0.6,16.25
2017,26,2,0.25,1,0.5,0,0.0,0,3,1,0,1,0,2,5,-3,57,1,2,63,1,0.69,1.0,0.6,12.0
2017,21,3,0.5,1,1.0,0,0.0,0,3,0,0,1,1,1,7,18,59,3,2,66,1,0.7,1.0,0.6,13.67
2017,28,4,0.571,2,1.0,2,1.0,0,4,3,0,0,0,1,12,0,62,6,3,45,0,0.69,0.5,0.5,15.5
2017,20,5,0.417,2,0.333,2,1.0,0,5,2,0,1,0,2,14,25,64,1,2,41,1,0.69,0.67,0.6,10.33
2017,22,4,0.5,1,0.25,3,0.75,1,4,0,0,0,1,3,12,-11,67,4,3,50,1,0.7,1.0,0.6,8.0
2017,34,5,0.455,2,0.5,7,0.875,0,5,3,1,2,2,3,19,-4,70,7,3,54,0,0.69,0.5,0.6,15.25
2017,46,9,0.391,0,0.0,1,0.333,0,5,6,0,0,2,2,19,14,73,3,3,64,0,0.68,0.33,0.6,16.67
2017,30,3,0.375,1,0.2,1,0.5,2,6,0,0,1,5,4,8,16,75,5,2,53,1,0.68,0.75,0.7,10.25
2017,27,9,0.643,2,0.667,3,0.6,0,5,1,2,0,2,3,23,-10,77,7,2,40,0,0.67,0.0,0.6,16.5
2017,35,8,0.667,3,0.5,4,1.0,2,9,4,1,1,1,3,23,23,79,2,2,60,1,0.68,1.0,0.6,18.0
2017,32,4,0.364,0,0.0,5,0.833,2,4,4,2,0,3,3,13,8,82,5,3,57,1,0.68,1.0,0.6,15.0
2017,28,6,0.6,0,0.0,0,0.0,0,7,1,2,0,3,1,12,3,84,7,2,58,1,0.68,1.0,0.6,12.0
2017,32,10,0.556,2,0.5,1,1.0,0,6,0,2,0,4,4,23,7,85,1,1,56,1,0.69,1.0,0.7,19.0
2017,32,6,0.4,2,0.667,2,1.0,0,2,3,2,2,3,1,16,0,87,3,2,62,1,0.69,0.5,0.7,11.5
2017,33,9,0.563,2,1.0,4,1.0,0,6,4,0,0,0,2,24,7,90,6,3,61,1,0.7,0.67,0.7,13.67
2017,33,5,0.385,3,0.375,7,0.875,0,2,2,3,1,3,0,20,11,93,2,3,49,0,0.69,0.5,0.7,14.25
2017,28,4,0.4,0,0.0,0,0.0,0,4,3,1,0,2,1,8,-11,94,3,1,61,0,0.68,0.5,0.7,12.25
2017,29,8,0.667,1,1.0,2,0.667,2,2,2,4,0,0,5,19,6,98,7,4,37,0,0.67,0.75,0.6,20.25
2017,26,3,0.273,2,0.667,4,0.8,0,3,2,4,0,2,1,12,-11,100,2,2,64,0,0.66,0.25,0.6,15.5
2018,29,9,0.529,1,0.2,4,0.8,2,7,3,1,0,1,2,23,6,289,2,189,55,1,0.67,0.8,0.6,16.0
2018,37,6,0.375,2,0.333,2,1.0,0,9,2,1,1,5,5,16,-14,292,5,3,61,0,0.66,0.4,0.5,13.0
2018,35,8,0.533,2,0.667,6,1.0,1,13,0,2,0,4,2,24,19,293,6,1,52,1,0.66,0.8,0.5,17.8
2018,34,3,0.25,0,0.0,1,0.5,2,8,4,0,0,0,2,7,2,295,1,2,53,0,0.65,0.6,0.4,9.6
2018,34,8,0.444,1,0.333,7,1.0,1,5,1,1,0,2,4,24,14,298,4,3,60,1,0.66,1.0,0.4,20.0
2018,28,2,0.222,1,0.5,1,0.5,0,3,3,0,1,0,1,6,5,300,6,2,65,1,0.66,0.75,0.4,10.5
2018,30,4,0.333,1,0.25,7,0.875,1,5,3,0,0,1,3,16,10,303,2,3,65,1,0.67,0.8,0.5,11.6
2018,32,4,0.444,2,0.667,2,1.0,1,5,4,0,0,2,4,12,14,305,4,2,49,1,0.67,0.6,0.6,13.8
2018,33,5,0.455,4,0.5,0,0.0,1,6,3,0,1,3,1,14,8,307,6,2,54,0,0.66,0.4,0.6,15.0
2018,35,5,0.357,1,0.25,4,1.0,1,1,4,1,2,2,2,15,-4,309,1,2,43,0,0.66,0.67,0.6,16.67
2018,30,1,0.143,0,0.0,2,1.0,4,4,2,1,0,1,2,4,15,312,4,3,56,1,0.66,1.0,0.6,14.0
2018,36,7,0.5,2,0.5,5,0.833,1,2,4,5,0,1,4,21,0,313,5,1,62,0,0.65,0.33,0.6,14.67
2018,35,9,0.5,5,0.556,4,1.0,3,5,0,0,2,1,2,27,-7,315,7,2,57,0,0.65,0.67,0.5,19.0
2018,27,5,0.357,4,0.5,0,0.0,2,4,0,1,0,2,2,14,6,318,3,3,41,1,0.65,0.75,0.6,11.25
2018,38,8,0.615,2,0.5,3,0.75,1,6,1,2,1,3,4,21,8,320,5,2,61,1,0.65,0.5,0.6,14.33
2018,24,5,0.455,0,0.0,0,0.0,1,6,0,0,0,2,0,10,-13,321,6,1,62,0,0.65,0.25,0.5,13.5
2018,30,8,0.533,1,0.25,3,0.5,1,5,2,1,1,0,1,20,-9,323,1,2,66,0,0.64,0.75,0.4,15.25
2018,29,4,0.333,1,1.0,6,0.667,3,5,0,0,0,0,2,15,-12,325,3,2,52,0,0.63,0.67,0.3,17.33
2018,23,6,0.545,2,0.4,0,0.0,1,1,2,1,1,0,1,14,10,327,5,2,37,1,0.64,0.8,0.4,19.0
2018,36,9,0.643,3,0.5,0,0.0,0,4,3,2,1,2,3,21,3,328,6,1,42,0,0.63,0.67,0.4,17.67
2018,35,7,0.5,2,0.5,4,1.0,2,5,1,3,1,1,3,20,29,330,1,2,40,1,0.63,0.33,0.4,17.67
2018,20,5,0.417,1,0.333,2,1.0,1,3,0,1,0,0,3,13,12,334,5,4,39,1,0.64,0.5,0.5,12.75
2018,35,7,0.467,3,0.333,2,1.0,0,9,2,1,0,2,3,19,-3,335,6,1,50,1,0.64,1.0,0.6,11.67
2018,26,7,0.636,3,0.6,0,0.0,1,4,2,2,0,1,2,17,10,340,4,5,52,1,0.64,0.71,0.6,17.29
2018,21,7,0.778,4,1.0,0,0.0,1,2,2,0,0,2,0,18,25,342,6,2,41,1,0.65,0.8,0.6,12.6
2018,33,10,0.625,1,0.2,0,0.0,1,5,1,0,1,2,1,21,13,344,1,2,40,1,0.65,0.5,0.7,18.5
2018,40,6,0.375,0,0.0,0,0.0,0,12,0,1,0,0,0,12,1,346,3,2,64,1,0.65,0.4,0.8,14.8
2018,29,8,0.571,2,0.4,4,0.8,2,1,0,2,1,4,3,22,21,348,5,2,37,1,0.66,0.83,0.9,19.5
2018,30,6,0.4,0,0.0,5,0.833,2,6,2,1,1,1,2,17,-6,349,6,1,65,0,0.65,0.67,0.8,12.5
2018,36,7,0.412,2,0.4,2,1.0,0,8,0,1,4,2,2,18,5,353,3,4,56,0,0.65,0.75,0.8,15.0
2018,32,5,0.333,3,0.429,7,0.875,0,5,2,2,1,2,4,20,-7,355,5,2,49,0,0.64,0.5,0.7,14.83
2018,23,6,0.462,3,0.375,2,0.667,0,4,1,0,0,2,0,17,17,357,7,2,66,1,0.64,0.8,0.7,15.6
2018,38,7,0.389,1,0.143,8,0.889,0,10,1,2,2,1,3,23,22,359,2,2,55,1,0.65,0.83,0.7,17.17
2018,29,2,0.286,0,0.0,0,0.0,0,3,2,1,0,1,3,4,-12,361,4,2,45,0,0.64,0.33,0.6,11.67
2018,29,3,0.5,1,1.0,0,0.0,1,7,5,4,1,2,2,7,9,363,6,2,63,1,0.64,1.0,0.6,10.33
2018,35,6,0.429,0,0.0,0,0.0,2,9,1,0,2,2,3,12,-4,365,1,2,59,0,0.64,0.33,0.5,13.0
2018,31,3,0.273,0,0.0,2,1.0,0,3,4,0,1,1,0,8,22,2,3,2,50,1,0.64,1.0,0.5,10.75
2018,31,7,0.333,4,0.364,0,0.0,1,5,0,1,0,2,2,18,3,4,5,2,42,1,0.64,0.75,0.5,17.75
2018,27,5,0.417,2,0.333,4,1.0,0,4,4,2,0,0,1,16,17,7,1,3,51,1,0.65,1.0,0.6,14.5
2018,25,9,0.6,2,0.4,0,0.0,0,4,0,1,0,1,1,20,17,9,3,2,54,1,0.65,0.5,0.7,15.83
2018,32,4,0.364,2,0.5,7,1.0,0,4,1,0,1,1,2,17,-11,10,4,1,48,0,0.64,0.25,0.7,16.5
2018,28,6,0.375,1,0.25,3,0.75,2,4,1,1,1,2,4,16,8,12,6,2,53,0,0.64,0.5,0.6,10.67
2018,36,12,0.632,3,0.6,7,0.636,0,5,3,1,3,0,3,34,-13,14,1,2,51,0,0.63,0.8,0.5,18.4
2018,31,6,0.375,1,0.333,3,1.0,3,7,2,0,1,1,2,16,4,16,3,2,61,1,0.64,0.57,0.6,14.57
2018,29,0,0.0,0,0.0,2,1.0,1,5,4,0,1,2,1,2,-6,18,5,2,63,1,0.64,1.0,0.6,8.25
2018,35,7,0.538,0,0.0,5,1.0,1,4,2,1,3,1,1,19,2,19,6,1,37,1,0.64,0.86,0.7,19.43
2018,31,8,0.615,3,1.0,0,0.0,0,6,1,0,0,4,2,19,18,21,1,2,48,1,0.65,0.4,0.7,17.0
2018,31,7,0.438,0,0.0,1,1.0,0,2,3,3,0,3,2,15,6,23,3,2,39,1,0.65,0.6,0.7,13.2
2018,31,7,0.467,3,0.6,3,1.0,0,5,3,0,1,0,1,20,4,26,6,3,44,0,0.64,0.33,0.6,12.0
2018,30,3,0.333,0,0.0,0,0.0,2,4,1,1,2,2,1,6,7,28,1,2,51,1,0.65,0.83,0.6,16.33
2018,27,9,0.6,2,0.4,0,0.0,1,4,1,0,1,0,1,20,26,30,3,2,66,1,0.65,0.83,0.7,16.33
2018,26,6,0.4,1,0.167,0,0.0,1,4,3,0,1,0,4,13,12,32,5,2,52,1,0.65,0.75,0.8,16.75
2018,31,4,0.5,0,0.0,3,0.75,0,7,2,2,2,0,3,11,12,34,7,2,60,1,0.65,1.0,0.9,17.75
2018,34,6,0.462,1,0.333,12,1.0,1,6,2,1,3,1,0,25,5,36,2,2,39,1,0.66,0.67,0.9,15.17
2018,36,9,0.643,1,1.0,3,1.0,1,9,5,1,0,0,2,22,-2,38,4,2,47,0,0.65,0.33,0.8,10.33
2018,29,4,0.333,1,0.5,7,0.7,2,6,0,1,0,4,6,16,-12,40,6,2,46,0,0.65,0.33,0.7,14.67
2018,35,7,0.467,1,1.0,5,1.0,0,10,1,2,2,1,5,20,0,43,2,3,55,1,0.65,0.86,0.7,17.57
2018,34,8,0.444,3,0.375,0,0.0,1,3,4,2,0,3,2,19,13,44,3,1,65,1,0.65,0.71,0.7,13.43
2018,34,7,0.538,1,0.5,2,1.0,1,9,1,2,1,1,1,17,7,52,4,8,49,0,0.65,0.43,0.7,15.14
2018,31,5,0.556,1,1.0,1,1.0,0,1,1,1,1,1,2,12,-6,54,6,2,41,0,0.64,0.67,0.6,12.5
2018,24,5,0.5,1,0.333,0,0.0,2,5,1,0,0,2,3,11,-8,57,2,3,61,0,0.64,0.5,0.5,14.12
2018,35,6,0.545,0,0.0,2,1.0,0,4,0,1,0,4,2,14,-14,58,3,1,57,0,0.63,0.5,0.4,17.75
2018,31,4,0.308,0,0.0,2,1.0,2,6,3,5,0,4,2,10,20,60,5,2,64,1,0.64,0.5,0.4,14.0
2018,35,5,0.333,1,0.25,1,0.5,0,5,2,1,0,0,4,12,-3,62,7,2,45,0,0.63,0.25,0.3,11.75
2018,27,6,0.462,1,0.333,4,1.0,0,5,1,3,2,1,2,17,4,64,2,2,44,1,0.63,0.5,0.4,13.25
2018,33,8,0.471,2,0.5,6,1.0,0,3,2,1,0,2,0,24,11,65,3,1,58,1,0.64,1.0,0.5,16.0
2018,27,2,0.286,0,0.0,2,1.0,0,5,5,1,0,3,3,6,1,68,6,3,47,1,0.64,0.5,0.5,9.25
2018,29,7,0.7,0,0.0,1,1.0,0,4,3,0,0,2,4,15,-5,73,4,5,58,1,0.64,1.0,0.5,15.75
2018,33,7,0.467,0,0.0,4,1.0,1,7,4,1,0,2,1,18,0,75,6,2,37,1,0.64,0.88,0.6,19.25
2018,36,3,0.25,1,0.2,1,0.5,0,7,6,1,1,1,1,8,-9,77,1,2,43,0,0.64,0.5,0.6,14.5
2018,33,6,0.5,1,0.5,0,0.0,1,5,4,0,1,1,3,13,-17,79,3,2,55,0,0.64,0.75,0.6,17.0
2018,37,5,0.294,2,0.286,0,0.0,1,5,4,0,1,1,1,12,-19,82,6,3,66,0,0.63,0.71,0.6,15.71
2018,34,9,0.529,3,0.6,0,0.0,2,3,4,1,0,1,4,21,17,85,2,3,39,1,0.63,0.71,0.6,16.0
2018,24,3,0.5,3,1.0,2,0.5,0,5,4,0,0,4,2,11,16,88,5,3,54,1,0.64,0.57,0.7,15.14
2018,30,4,0.444,1,1.0,0,0.0,1,1,3,1,0,2,4,9,-12,89,6,1,51,0,0.63,0.71,0.6,15.29
2018,34,7,0.467,4,0.571,1,0.5,1,5,5,1,0,0,0,19,15,91,1,2,48,1,0.63,0.5,0.6,17.33
2018,39,6,0.353,1,0.333,3,0.75,0,7,3,1,1,3,0,16,16,93,3,2,48,1,0.64,0.57,0.6,17.14
2018,34,9,0.474,1,0.2,3,0.75,1,6,2,3,1,1,2,22,15,95,5,2,54,1,0.64,0.62,0.6,16.0
2018,6,0,0.0,0,0.0,0,0.0,0,1,0,0,0,0,0,0,1,97,7,2,53,0,0.64,0.43,0.5,9.14
2019,37,8,0.364,4,0.5,1,0.333,1,9,2,2,0,4,2,21,-4,296,3,199,55,0,0.63,0.67,0.5,17.44
2019,35,8,0.364,4,0.571,5,1.0,3,6,4,3,0,0,0,25,9,298,5,2,61,1,0.63,0.56,0.6,15.33
2019,34,5,0.294,2,0.286,3,0.75,2,7,0,3,2,2,3,15,20,299,6,1,52,1,0.64,0.78,0.7,16.56
2019,39,10,0.455,4,0.571,1,0.5,1,3,2,0,1,1,5,25,16,303,3,4,49,1,0.64,0.5,0.7,16.38
2019,34,9,0.529,4,0.5,2,1.0,1,5,3,0,0,2,4,24,12,305,5,2,52,1,0.64,0.8,0.7,17.3
2019,34,9,0.563,0,0.0,0,0.0,0,7,1,1,2,4,1,18,9,309,2,4,39,1,0.64,0.75,0.8,16.25
2019,29,8,0.471,4,0.667,3,0.75,2,7,1,2,1,1,0,23,13,311,4,2,66,1,0.64,0.75,0.8,16.62
2019,34,6,0.462,2,0.333,5,0.833,1,6,4,3,0,2,3,19,22,313,6,2,59,1,0.65,0.5,0.8,14.5
2019,35,1,0.056,0,0.0,3,0.75,3,5,4,1,0,1,3,5,16,315,1,2,42,1,0.65,0.8,0.8,15.2
2019,35,9,0.45,1,0.2,4,1.0,2,1,4,0,0,1,3,23,14,317,3,2,64,1,0.65,0.57,0.9,15.29
2019,38,8,0.348,2,0.286,6,0.857,3,5,1,3,0,2,3,24,6,319,5,2,44,1,0.65,0.6,1.0,15.4
2019,30,6,0.462,1,0.25,1,1.0,0,6,2,0,1,1,0,14,12,321,7,2,58,0,0.65,0.8,0.9,15.4
2019,27,8,0.5,3,0.333,7,0.778,2,9,3,1,0,4,3,26,8,322,1,1,56,1,0.65,0.8,0.9,17.2
2019,41,12,0.5,5,0.5,1,0.5,0,6,3,2,2,3,4,30,-6,324,3,2,46,0,0.65,0.25,0.8,18.5
2019,32,6,0.375,0,0.0,4,0.8,0,2,3,0,1,0,1,16,-23,326,5,2,43,0,0.64,0.4,0.7,14.8
2019,34,7,0.389,0,0.0,6,0.857,1,5,3,0,0,3,4,20,4,329,1,3,58,1,0.65,0.83,0.7,16.17
2019,35,5,0.294,0,0.0,6,1.0,3,6,5,1,0,3,2,16,11,331,3,2,51,1,0.65,0.75,0.7,15.38
2019,37,10,0.526,4,0.5,2,1.0,1,8,0,4,0,6,0,26,13,333,5,2,51,0,0.64,0.67,0.6,16.56
2019,37,10,0.435,5,0.455,5,0.833,0,6,7,2,2,1,4,30,11,335,7,2,52,1,0.65,0.82,0.6,18.45
2019,34,6,0.316,2,0.167,5,0.833,1,4,3,1,3,3,2,19,31,338,3,3,48,1,0.65,0.62,0.6,17.38
2019,30,10,0.526,4,0.5,2,1.0,0,7,5,1,0,1,1,26,14,340,5,2,43,1,0.65,0.5,0.6,16.67
2019,30,7,0.5,4,0.667,1,0.5,0,11,2,2,2,4,1,19,24,343,1,3,39,1,0.65,0.78,0.7,16.56
2019,37,4,0.308,2,0.25,6,1.0,0,6,3,2,0,3,2,16,-8,345,3,2,54,0,0.65,0.56,0.6,16.0
2019,34,5,0.278,3,0.375,2,1.0,1,2,4,0,1,1,4,15,-2,346,4,1,55,0,0.64,0.6,0.6,17.2
2019,37,10,0.435,2,0.2,2,0.667,2,6,1,0,1,3,3,24,-2,352,3,6,42,1,0.65,0.83,0.7,16.67
2019,27,10,0.588,2,0.286,4,1.0,0,5,3,2,0,0,1,26,10,354,5,2,65,1,0.65,0.75,0.7,15.0
2019,36,15,0.517,4,0.444,5,1.0,1,11,2,1,3,2,1,39,10,356,7,2,66,1,0.65,0.78,0.7,19.11
2019,35,5,0.278,1,0.333,0,0.0,4,5,6,2,0,3,4,11,21,359,3,3,61,1,0.65,0.6,0.8,14.9
2019,32,11,0.55,5,0.5,3,1.0,1,4,2,0,2,1,1,30,19,361,5,2,39,1,0.65,0.8,0.8,17.9
2019,36,3,0.429,0,0.0,6,0.75,0,3,4,1,0,6,3,12,3,362,6,1,61,0,0.65,0.55,0.7,14.64
2019,36,10,0.556,4,0.571,0,0.0,2,5,1,3,1,3,0,24,15,365,2,3,66,1,0.65,0.8,0.7,19.6
2019,37,2,0.125,0,0.0,9,0.9,1,8,3,0,0,1,1,13,-4,3,5,3,37,1,0.65,0.89,0.7,18.56
2019,36,12,0.8,2,0.5,2,1.0,0,7,2,2,2,3,1,28,-9,4,6,1,41,1,0.66,0.71,0.8,14.71
2019,31,8,0.4,1,0.25,0,0.0,0,1,2,0,2,0,2,17,-6,6,1,2,64,0,0.65,0.5,0.8,15.5
2019,31,5,0.313,0,0.0,4,1.0,0,6,3,1,0,3,2,14,-19,8,3,2,59,0,0.65,0.4,0.7,14.4
2019,36,4,0.308,1,0.2,6,1.0,0,10,4,2,1,4,2,15,-11,9,4,1,55,0,0.65,0.55,0.6,17.0
2019,30,16,0.727,6,0.667,3,1.0,0,6,4,3,0,0,1,41,30,11,6,2,40,1,0.65,0.6,0.6,23.0
2019,30,7,0.412,2,0.286,5,0.714,0,6,2,1,2,1,1,21,-2,13,1,2,41,1,0.65,0.75,0.6,15.5
2019,40,8,0.4,1,0.2,0,0.0,0,7,3,0,1,2,2,17,5,16,4,3,49,0,0.65,0.44,0.5,16.44
2019,39,10,0.5,2,0.286,4,0.8,1,9,2,3,1,4,3,26,-3,18,6,2,56,0,0.64,0.67,0.5,18.67
2019,29,10,0.556,5,0.625,2,0.667,1,4,3,1,0,0,3,27,32,20,1,2,47,1,0.65,0.6,0.5,12.8
2019,26,9,0.5,3,0.429,2,1.0,1,6,4,2,1,1,0,23,25,22,3,2,63,1,0.65,1.0,0.5,11.2
2019,24,7,0.5,1,0.2,5,0.833,1,5,2,1,1,2,2,20,12,30,4,8,44,1,0.65,0.67,0.5,16.17
2019,29,7,0.368,3,0.5,8,0.8,1,2,4,1,1,0,2,25,21,32,6,2,55,1,0.65,0.58,0.6,17.67
2019,35,10,0.5,5,0.556,3,1.0,0,7,3,1,0,1,0,28,19,34,1,2,37,1,0.65,0.9,0.7,19.5
2019,39,11,0.458,5,0.455,6,0.857,0,8,5,3,2,2,3,33,12,36,3,2,53,1,0.65,0.5,0.8,12.12
2019,38,10,0.526,7,0.583,5,0.833,3,1,6,0,2,5,3,32,6,38,5,2,37,1,0.66,0.91,0.8,20.64
2019,35,10,0.526,4,0.571,2,0.5,3,8,1,0,1,4,3,26,0,40,7,2,60,1,0.66,1.0,0.8,19.4
2019,35,5,0.333,0,0.0,5,0.556,1,8,4,4,1,1,3,15,-10,42,2,2,45,0,0.65,0.2,0.8,12.4
2019,48,14,0.609,5,0.5,6,0.6,0,9,1,1,1,4,4,39,4,44,4,2,46,1,0.66,0.4,0.9,22.6
2019,36,8,0.381,4,0.4,8,1.0,2,9,3,1,1,2,1,28,0,52,5,8,50,1,0.66,1.0,0.9,14.2
2019,37,12,0.6,4,0.571,13,0.867,1,4,2,1,2,2,3,41,6,54,7,2,47,0,0.65,0.5,0.8,17.5
2019,34,14,0.636,8,0.667,0,0.0,0,4,1,0,2,2,1,36,22,56,2,2,57,1,0.66,0.6,0.8,21.4
2019,38,13,0.65,3,0.6,4,0.8,0,11,3,0,0,2,0,33,8,57,3,1,62,1,0.66,0.4,0.8,17.4
2019,45,9,0.333,4,0.333,10,0.714,2,11,5,2,2,5,2,32,-5,60,6,3,45,0,0.65,0.17,0.7,15.67
2019,40,11,0.458,5,0.5,5,0.714,0,9,6,2,1,4,1,32,7,64,3,4,39,1,0.66,0.82,0.7,19.18
2019,33,7,0.368,2,0.4,2,0.5,0,7,3,2,0,3,2,18,12,66,5,2,62,0,0.65,0.33,0.6,17.5
2019,38,8,0.364,3,0.429,0,0.0,0,5,3,2,1,3,4,19,-16,68,7,2,60,0,0.65,0.83,0.5,19.33
2019,36,11,0.5,3,0.333,5,0.833,1,5,2,4,0,0,1,30,5,70,2,2,54,1,0.65,0.6,0.6,17.4
2019,32,2,0.111,0,0.0,1,0.5,4,3,3,2,1,2,3,5,-13,213,5,143,49,0,0.65,0.4,0.5,15.3
2019,40,11,0.5,5,0.625,7,0.778,0,4,8,2,1,2,1,34,6,215,7,2,57,1,0.65,0.67,0.5,23.5
2019,33,6,0.545,2,0.4,9,1.0,1,6,1,1,1,4,5,23,1,217,2,2,48,0,0.65,0.56,0.5,18.0
2019,18,7,0.636,5,0.625,0,0.0,0,2,2,1,0,3,3,19,8,218,3,1,51,1,0.65,0.7,0.5,16.8
2019,28,7,0.5,2,0.286,2,0.667,0,7,4,2,0,3,0,18,34,220,5,2,61,1,0.65,0.58,0.5,14.92
2019,42,10,0.417,4,0.333,5,0.833,1,8,6,1,1,4,2,29,14,222,7,2,53,1,0.65,0.56,0.6,14.0
2019,29,10,0.769,4,0.8,5,1.0,1,5,2,1,0,5,1,29,10,224,2,2,63,1,0.65,1.0,0.6,14.17
2020,33,12,0.429,6,0.462,0,0.0,0,7,2,2,1,2,2,30,-6,358,3,134,49,1,0.65,0.45,0.7,16.64
2020,36,9,0.409,2,0.333,0,0.0,1,7,2,1,1,3,1,20,-21,360,5,2,51,0,0.65,0.64,0.7,17.09
2020,36,9,0.429,3,0.333,4,1.0,0,11,5,0,1,5,1,25,-6,362,7,2,54,0,0.65,0.55,0.6,18.09
2020,40,9,0.529,1,0.333,8,0.8,0,11,4,3,0,4,1,27,19,364,2,2,54,1,0.65,0.58,0.7,18.83
2020,23,6,0.5,3,0.6,1,1.0,0,4,3,1,0,0,0,16,29,365,3,1,63,1,0.65,1.0,0.7,14.43
2020,37,11,0.458,3,0.273,3,0.6,0,6,2,1,1,3,1,28,4,1,5,2,65,0,0.65,0.67,0.7,16.44
2020,37,10,0.455,4,0.5,0,0.0,2,6,12,0,2,0,1,24,2,3,7,2,65,1,0.65,0.7,0.7,17.2
2020,32,11,0.579,5,0.625,13,1.0,0,6,2,0,2,1,5,40,24,4,1,1,61,1,0.65,0.62,0.7,16.85
2020,38,10,0.476,5,0.625,2,1.0,0,5,4,1,0,2,4,27,7,6,3,2,48,1,0.65,0.6,0.7,18.9
2020,35,14,0.519,3,0.333,1,1.0,1,4,2,1,0,4,2,32,-6,8,5,2,64,1,0.66,0.56,0.7,17.33
2020,31,10,0.476,3,0.5,1,0.5,0,4,5,0,1,2,2,24,15,25,1,17,41,1,0.66,0.78,0.7,16.44
2020,34,11,0.44,0,0.0,3,0.75,3,4,2,4,0,3,1,25,11,27,3,2,59,0,0.65,0.33,0.7,16.17
2020,40,12,0.667,2,0.667,4,0.667,0,9,3,2,0,4,1,30,0,30,6,3,47,0,0.65,0.43,0.7,19.29
2020,38,9,0.474,4,0.4,5,0.833,0,9,3,0,0,4,2,27,13,33,2,3,44,1,0.65,0.71,0.7,17.71
2020,39,11,0.423,2,0.2,3,1.0,1,8,10,2,0,4,2,27,6,34,3,1,58,0,0.65,0.71,0.6,17.71
2020,40,12,0.444,5,0.5,5,0.833,1,6,2,4,0,2,2,34,8,36,5,2,46,1,0.65,0.5,0.7,24.5
2020,35,8,0.364,3,0.429,4,1.0,0,4,7,1,0,0,0,23,-12,38,7,2,56,0,0.65,0.57,0.6,19.29
2020,38,7,0.35,1,0.25,8,1.0,1,3,4,0,0,0,1,23,-21,40,2,2,62,0,0.65,0.29,0.5,18.29
2020,36,5,0.385,1,0.333,6,1.0,0,6,9,2,0,2,3,17,23,42,4,2,61,1,0.65,0.64,0.5,16.86
2020,41,9,0.409,3,0.429,12,0.923,0,11,7,0,0,2,3,33,9,43,5,1,65,0,0.64,0.64,0.4,18.64
2020,23,3,0.214,0,0.0,0,0.0,2,6,4,1,0,2,4,6,-20,45,7,2,64,0,0.64,0.5,0.3,16.2
2020,33,6,0.333,1,0.125,8,1.0,1,5,8,1,0,4,3,21,8,47,2,2,43,1,0.64,0.57,0.4,17.29
2020,35,11,0.524,3,0.333,10,0.909,0,6,6,2,0,3,1,35,-5,48,3,1,37,0,0.64,0.83,0.4,21.83
2020,37,10,0.476,3,0.375,2,1.0,1,7,6,1,3,6,2,25,-1,50,5,2,37,1,0.64,0.85,0.4,22.08
2020,41,10,0.417,3,0.429,9,0.692,1,8,2,2,0,1,4,32,3,52,7,2,40,0,0.64,0.5,0.4,24.5
2020,36,10,0.435,3,0.3,5,0.833,0,6,4,1,2,4,2,28,-6,54,2,2,42,0,0.64,0.71,0.3,18.29
2020,32,4,0.2,1,0.125,4,1.0,1,0,1,2,0,1,1,13,-15,55,3,1,37,0,0.63,0.79,0.3,21.43
2020,38,4,0.222,1,0.25,0,0.0,1,8,4,0,1,1,0,9,-7,57,5,2,54,1,0.64,0.62,0.4,18.08
2020,39,12,0.545,3,0.3,4,1.0,0,8,3,3,0,4,4,31,13,59,7,2,64,1,0.64,0.55,0.4,17.55
2020,40,5,0.313,1,0.2,3,1.0,0,5,5,2,0,3,1,14,-3,61,2,2,46,1,0.64,0.57,0.5,23.0
2020,37,9,0.6,3,0.5,6,0.6,1,11,5,2,0,3,3,27,20,63,4,2,61,1,0.64,0.67,0.6,17.53
2020,36,13,0.591,3,0.429,2,1.0,0,5,3,1,0,2,1,31,1,70,4,7,51,0,0.64,0.58,0.5,18.25
2020,28,9,0.529,3,0.6,2,1.0,1,5,6,1,0,2,3,23,17,73,7,3,45,1,0.64,0.29,0.6,16.71
2020,37,12,0.5,4,0.571,1,0.5,3,3,3,3,0,3,3,29,13,75,2,2,62,0,0.64,0.25,0.5,19.62
2020,37,11,0.458,3,0.231,4,0.8,0,5,3,2,1,1,3,29,-9,76,3,1,39,0,0.63,0.75,0.5,20.0
2020,36,6,0.375,2,0.4,1,0.5,3,4,3,0,0,4,2,15,-11,78,5,2,58,0,0.63,0.62,0.5,17.38
2020,29,7,0.538,5,0.625,4,1.0,1,3,4,0,0,2,0,23,7,80,7,2,53,1,0.63,0.6,0.6,14.9
2020,38,7,0.368,1,0.167,3,1.0,1,7,5,1,2,2,1,18,5,83,3,3,49,0,0.63,0.42,0.5,16.75
2020,33,13,0.722,4,0.571,4,1.0,0,6,7,1,1,2,3,34,9,85,5,2,49,1,0.63,0.46,0.5,18.08
2020,38,11,0.407,4,0.333,1,1.0,0,5,3,1,0,1,1,27,8,86,6,1,60,1,0.63,0.86,0.5,20.43
2020,40,12,0.48,5,0.556,5,0.833,3,6,5,2,0,1,2,34,-1,88,1,2,40,0,0.63,0.43,0.4,25.86
2020,38,10,0.417,1,0.125,4,1.0,2,7,3,3,0,3,2,25,-19,90,3,2,42,0,0.63,0.62,0.4,19.12
2020,32,9,0.529,5,0.455,3,1.0,0,9,0,0,1,4,1,26,19,92,5,2,45,1,0.63,0.38,0.4,17.88
2020,28,8,0.533,3,0.333,3,0.75,0,8,4,0,0,0,2,22,16,94,7,2,66,1,0.63,0.82,0.5,19.82
2020,35,7,0.412,3,0.3,3,1.0,0,4,4,1,0,3,1,20,-12,96,2,2,55,0,0.63,0.54,0.5,17.85
2020,42,10,0.476,3,0.333,2,1.0,0,10,5,1,0,8,0,25,6,97,3,1,52,1,0.63,0.83,0.6,19.0
2020,41,16,0.64,6,0.6,15,0.938,1,9,4,0,1,5,3,53,5,99,5,2,50,1,0.63,1.0,0.6,20.67
2020,33,9,0.391,2,0.286,8,1.0,1,9,2,1,0,2,2,28,3,101,7,2,43,1,0.63,0.62,0.7,18.62
2020,38,10,0.588,4,0.571,8,0.8,1,8,5,1,1,3,2,32,-1,103,2,2,57,1,0.64,0.71,0.7,24.71
2020,28,6,0.429,2,0.4,0,0.0,0,5,5,0,0,0,0,14,14,105,4,2,47,1,0.64,0.5,0.7,18.62
2020,40,16,0.64,5,0.556,7,0.875,0,10,3,2,0,2,2,44,12,107,6,2,44,1,0.64,0.75,0.8,21.0
2020,37,3,0.176,1,0.25,7,0.875,0,13,10,0,0,4,1,14,-3,109,1,2,41,0,0.64,0.7,0.8,16.2
2020,34,3,0.176,1,0.125,8,1.0,0,11,6,1,0,5,0,15,13,112,4,3,56,1,0.64,0.62,0.8,18.75
2020,39,14,0.519,6,0.5,4,0.571,2,8,4,0,0,5,3,38,1,113,5,1,51,0,0.63,0.54,0.7,19.77
2020,32,6,0.375,1,0.2,6,0.857,4,7,2,1,0,5,3,19,-28,115,7,2,66,0,0.63,0.75,0.7,19.75
2020,41,12,0.522,4,0.4,7,0.875,1,7,8,1,0,3,3,35,7,118,3,3,66,1,0.63,0.77,0.7,20.92
2020,45,20,0.541,5,0.714,15,0.882,2,6,5,0,1,0,2,60,6,120,5,2,59,1,0.63,0.43,0.7,22.43
2020,37,11,0.579,4,0.8,7,1.0,0,2,5,0,1,6,2,33,-15,122,7,2,57,0,0.63,0.62,0.6,25.75
2020,31,10,0.455,4,0.333,3,1.0,1,6,3,2,2,0,2,27,28,125,3,3,53,1,0.63,0.64,0.6,16.0
2020,38,3,0.2,0,0.0,3,0.75,2,4,3,2,0,3,0,9,-22,127,5,2,41,0,0.63,0.64,0.5,15.55
2020,38,11,0.688,2,0.333,5,0.833,0,5,6,1,2,3,3,29,-14,129,7,2,48,0,0.63,0.55,0.4,19.82
2020,39,12,0.571,5,0.625,4,0.667,0,8,6,1,1,4,5,33,4,131,2,2,48,0,0.63,0.5,0.4,20.92
2020,35,11,0.423,1,0.167,6,0.75,1,7,1,2,2,2,3,29,-5,132,3,1,39,0,0.62,0.69,0.3,20.69
2020,27,8,0.381,4,0.364,6,1.0,2,9,2,1,0,2,1,26,22,135,6,3,50,1,0.63,1.0,0.4,21.43
2021,45,7,0.233,2,0.133,4,0.8,4,7,4,1,1,3,2,20,-3,293,3,158,52,0,0.62,0.77,0.4,19.08
2021,30,8,0.571,2,0.5,0,0.0,0,6,4,0,2,5,3,18,-12,295,5,2,61,0,0.62,0.62,0.3,17.56
2021,37,12,0.5,4,0.364,3,0.75,0,9,2,1,1,1,4,31,4,297,7,2,45,1,0.62,0.44,0.3,19.33
2021,41,14,0.5,6,0.5,7,1.0,1,6,8,0,1,2,3,41,22,298,1,1,66,1,0.62,0.79,0.4,22.36
2021,36,9,0.409,1,0.125,4,0.5,1,6,2,0,0,2,2,23,-8,300,3,2,64,0,0.62,0.5,0.3,18.0
2021,46,10,0.313,0,0.0,7,1.0,2,13,3,2,1,4,5,27,2,303,6,3,64,0,0.62,0.46,0.3,18.69
2021,36,8,0.364,1,0.25,3,0.75,1,3,3,2,0,1,3,20,-24,305,1,2,41,0,0.62,0.58,0.3,15.92
2021,34,4,0.25,1,0.167,5,0.625,0,6,3,1,2,2,1,14,12,307,3,2,53,1,0.62,0.67,0.4,15.83
2021,29,3,0.231,2,0.4,2,0.667,0,8,2,1,0,1,4,10,9,308,4,1,48,1,0.62,0.54,0.5,20.08
2021,38,12,0.632,6,0.75,2,1.0,1,10,2,2,1,4,4,32,5,310,6,2,42,0,0.62,0.56,0.4,20.56
2021,37,8,0.333,3,0.429,3,0.75,1,10,7,1,0,2,3,22,18,314,3,4,61,1,0.62,0.65,0.5,17.82
2021,42,10,0.4,5,0.385,2,0.5,2,9,1,0,2,3,1,27,11,316,5,2,49,1,0.62,0.5,0.6,18.71
2021,35,8,0.364,1,0.125,4,0.8,0,4,2,0,0,6,1,21,12,317,6,1,39,0,0.62,0.64,0.5,20.71
2021,36,7,0.35,2,0.25,7,1.0,1,7,5,1,2,2,2,23,4,319,1,2,39,1,0.62,0.67,0.5,20.87
2021,38,12,0.545,5,0.417,5,0.833,3,6,5,1,1,4,2,34,-7,321,3,2,37,0,0.62,0.73,0.5,22.27
2021,34,13,0.5,4,0.444,7,1.0,1,10,2,3,1,1,3,37,10,323,5,2,47,1,0.62,0.56,0.6,20.67
2021,34,11,0.5,6,0.5,5,0.714,0,8,5,0,1,1,2,33,22,324,6,1,60,1,0.62,0.88,0.7,22.0
2021,34,10,0.455,1,0.111,9,1.0,0,6,3,1,0,1,3,30,23,326,1,2,45,1,0.62,0.5,0.7,20.4
2021,30,4,0.25,1,0.111,6,0.75,4,4,3,1,1,5,2,15,-33,328,3,2,51,0,0.62,0.5,0.6,19.43
2021,40,9,0.391,2,0.286,4,0.8,3,9,2,1,0,2,3,24,-13,330,5,2,59,0,0.62,0.38,0.6,22.62
2021,38,2,0.125,1,0.2,3,0.75,0,7,10,1,0,4,2,8,13,332,7,2,61,1,0.62,0.67,0.6,17.28
2021,37,9,0.45,3,0.375,5,1.0,0,16,2,1,0,2,2,26,5,335,3,3,55,1,0.62,0.57,0.6,18.43
2021,38,12,0.48,2,0.182,11,1.0,1,5,5,0,1,0,1,37,-5,337,5,2,62,0,0.62,0.22,0.6,21.56
2021,31,9,0.529,4,0.667,9,0.9,0,10,4,0,0,2,1,31,17,338,6,1,57,1,0.62,0.67,0.6,26.33
2021,34,13,0.591,5,0.714,3,0.6,2,6,3,1,1,5,2,34,-8,341,2,3,47,0,0.62,0.5,0.6,22.0
2021,36,9,0.45,2,0.286,9,0.9,1,9,2,2,1,6,4,29,-4,342,3,1,46,0,0.62,0.5,0.5,23.75
2021,34,10,0.4,1,0.143,3,0.5,2,5,3,0,1,4,2,24,-9,344,5,2,56,0,0.61,0.56,0.4,19.33
2021,38,16,0.64,7,0.538,3,0.6,1,4,4,3,0,3,1,42,21,347,1,3,49,1,0.62,0.53,0.4,20.27
2021,42,9,0.474,3,0.3,6,1.0,0,8,6,1,0,1,1,27,3,351,5,4,44,0,0.61,0.67,0.4,21.67
2021,36,9,0.375,3,0.231,4,1.0,2,7,2,0,0,3,4,25,-4,352,6,1,52,1,0.61,0.79,0.5,19.5
2021,39,5,0.357,0,0.0,7,0.778,1,8,6,2,2,6,3,17,-5,354,1,2,55,0,0.61,0.53,0.4,18.33
2021,36,6,0.316,2,0.25,4,1.0,1,8,5,2,1,2,5,18,19,356,3,2,39,1,0.61,0.69,0.4,20.69
2021,40,7,0.35,4,0.4,7,0.875,1,8,4,2,2,4,3,25,-7,359,6,3,49,0,0.61,0.5,0.4,20.56
2021,38,6,0.3,1,0.167,6,1.0,3,5,3,0,2,0,1,19,-9,5,3,11,59,0,0.61,0.33,0.3,22.22
2021,40,12,0.571,6,0.545,6,1.0,1,5,9,2,1,2,3,36,8,6,4,1,52,0,0.61,0.73,0.3,20.6
2021,29,6,0.429,3,0.375,4,1.0,0,3,1,1,0,2,0,19,10,8,6,2,52,1,0.61,0.75,0.4,20.5
2021,42,7,0.333,0,0.0,10,0.909,1,11,1,0,0,8,4,24,12,10,1,2,54,1,0.61,0.64,0.5,18.5
2021,37,11,0.579,4,0.444,7,0.875,0,7,4,2,2,4,1,33,19,12,3,2,54,1,0.61,0.67,0.5,19.47
2021,32,7,0.412,2,0.286,4,1.0,1,10,5,0,0,7,3,20,-4,14,5,2,55,0,0.61,0.5,0.5,18.44
2021,40,8,0.333,1,0.2,6,1.0,4,8,4,0,2,4,2,23,11,15,6,1,41,1,0.61,0.62,0.5,16.46
2021,38,9,0.5,0,0.0,9,0.818,1,7,3,1,0,2,1,27,12,17,1,2,40,1,0.61,0.5,0.6,26.0
2021,35,5,0.263,0,0.0,2,0.667,1,5,3,1,0,3,5,12,-7,19,3,2,66,0,0.61,0.73,0.5,21.67
2021,41,8,0.421,0,0.0,11,0.786,1,9,7,0,0,4,4,27,2,21,5,2,57,0,0.61,0.6,0.5,26.4
2021,33,18,0.643,9,0.643,6,1.0,2,8,7,0,0,1,1,51,30,23,7,2,64,1,0.61,0.5,0.6,21.0
2021,31,14,0.609,7,0.5,1,0.5,2,2,6,0,1,2,2,36,36,25,2,2,58,1,0.61,0.67,0.7,19.44
2021,36,5,0.294,2,0.25,8,1.0,1,5,4,1,2,5,3,20,-10,28,5,3,37,0,0.61,0.69,0.6,22.12
2021,37,17,0.654,4,0.308,0,0.0,0,8,7,3,0,2,3,38,21,29,6,1,40,1,0.61,0.56,0.6,27.33
2021,31,7,0.467,3,0.429,3,0.6,1,11,5,0,0,2,1,20,30,31,1,2,48,1,0.61,0.57,0.6,20.07
2021,33,6,0.375,1,0.143,6,1.0,0,6,9,2,0,3,4,19,9,33,3,2,66,1,0.61,0.75,0.7,21.5
2021,28,9,0.429,4,0.444,2,0.667,1,8,1,1,0,2,0,24,14,35,5,2,65,1,0.61,0.67,0.7,19.08
2021,35,6,0.333,2,0.25,1,0.5,4,5,7,1,0,4,1,15,32,37,7,2,53,1,0.61,0.69,0.7,15.77
2021,27,7,0.636,2,0.333,3,0.75,0,5,4,1,0,0,0,19,32,39,2,2,51,1,0.62,0.53,0.8,19.4
2021,37,8,0.421,1,0.125,7,0.875,2,4,5,3,0,2,1,24,10,42,5,3,43,1,0.62,0.67,0.9,19.22
2021,40,13,0.481,4,0.4,8,0.889,2,8,3,1,2,2,3,38,11,44,7,2,37,1,0.62,0.71,0.9,23.06
2021,30,9,0.529,4,0.5,6,1.0,2,10,6,0,2,0,3,28,34,46,2,2,55,1,0.62,0.53,0.9,19.0
2021,39,7,0.467,2,0.333,6,1.0,0,4,5,1,0,7,0,22,-1,47,3,1,65,0,0.62,0.62,0.9,19.31
2021,35,10,0.5,4,0.444,6,0.857,1,6,4,1,0,4,1,30,22,55,4,8,51,1,0.62,0.56,0.9,20.06
2021,39,8,0.381,4,0.444,6,0.75,0,11,6,1,1,1,3,26,6,57,6,2,65,1,0.62,0.64,0.9,19.79
2021,34,7,0.318,2,0.167,8,1.0,2,3,3,1,0,2,4,24,-24,58,7,1,54,0,0.62,0.62,0.8,19.75
2021,39,12,0.48,3,0.3,6,0.857,1,7,7,0,0,2,2,33,4,60,2,2,37,1,0.62,0.72,0.8,23.61
2021,39,14,0.56,2,0.286,7,0.875,1,5,5,0,1,6,2,37,17,62,4,2,63,1,0.62,1.0,0.8,17.25
2021,41,16,0.533,8,0.533,14,0.824,2,3,3,0,0,2,4,54,12,65,7,3,51,1,0.62,0.59,0.8,22.06
2021,38,16,0.667,6,0.667,6,1.0,0,5,3,3,1,2,3,44,18,68,3,3,66,1,0.62,0.76,0.8,22.82
2021,38,13,0.481,2,0.222,3,1.0,2,6,6,1,0,1,3,31,14,70,5,2,65,1,0.62,0.67,0.8,20.53
2021,41,7,0.304,3,0.3,4,0.8,4,7,4,0,0,2,0,21,3,72,7,2,42,0,0.62,0.5,0.7,20.6
2021,37,6,0.375,3,0.375,11,0.917,0,12,4,1,0,4,4,26,17,75,3,3,44,1,0.62,0.7,0.8,22.1
2021,34,12,0.75,7,0.7,1,1.0,0,5,4,0,0,2,1,32,40,77,5,2,58,1,0.62,0.7,0.8,20.7
2021,33,11,0.647,6,0.6,2,1.0,0,6,7,1,0,5,3,30,22,79,7,2,43,1,0.62,0.7,0.8,20.3
2021,39,11,0.579,5,0.455,9,1.0,0,7,6,2,1,3,1,36,12,80,1,1,60,1,0.63,0.89,0.9,23.56
2021,29,9,0.6,5,0.625,3,1.0,0,3,3,0,1,2,2,26,16,82,3,2,62,1,0.63,0.3,0.9,22.0
2021,34,12,0.571,5,0.455,5,1.0,0,5,6,1,1,3,1,34,34,86,7,4,50,1,0.63,1.0,0.9,23.0
2021,40,9,0.529,0,0.0,5,0.833,1,4,6,2,0,4,4,23,-12,89,3,3,48,0,0.63,0.53,0.8,20.27
2021,37,10,0.417,3,0.333,8,0.8,2,4,6,1,1,1,0,31,-1,91,5,2,54,1,0.63,0.65,0.8,20.41
2021,29,9,0.529,1,0.2,3,0.5,2,4,7,2,1,2,3,22,22,93,7,2,64,1,0.63,0.53,0.8,21.07
2021,30,5,0.278,1,0.125,5,0.714,0,10,8,2,1,2,1,16,22,96,3,3,41,1,0.63,0.64,0.9,16.43
2021,26,11,0.786,6,0.75,3,1.0,0,9,3,1,0,5,2,31,29,100,7,4,63,1,0.63,1.0,0.9,18.78
2022,39,13,0.65,2,0.286,7,0.778,0,12,4,1,1,3,1,35,10,291,2,191,55,1,0.63,0.56,0.9,19.89
2022,37,10,0.455,2,0.286,7,1.0,2,3,4,1,2,2,1,29,-1,294,5,3,48,1,0.63,0.56,0.9,20.81
2022,38,14,0.667,4,0.4,8,0.889,0,8,1,1,2,1,2,40,6,295,6,1,53,1,0.63,0.71,0.9,17.5
2022,35,8,0.444,4,0.5,6,1.0,0,8,5,0,0,1,2,26,-8,297,1,2,41,0,0.63,0.6,0.8,17.07
2022,42,11,0.579,3,0.429,7,0.875,1,6,4,1,1,4,4,32,-10,301,5,4,39,0,0.63,0.65,0.7,21.35
2022,27,8,0.533,5,0.5,2,1.0,0,4,3,1,0,4,0,23,10,303,7,2,64,1,0.63,0.56,0.8,21.19
2022,43,8,0.381,2,0.222,8,1.0,3,9,6,1,4,6,0,26,-16,306,3,3,39,0,0.63,0.61,0.7,21.61
2022,40,8,0.348,3,0.3,17,0.85,2,10,6,1,1,1,4,36,11,308,5,2,41,1,0.63,0.62,0.7,18.25
2022,37,8,0.471,6,0.462,4,1.0,0,4,5,1,2,3,3,26,2,309,6,1,52,1,0.63,0.76,0.7,20.82
2022,40,12,0.48,3,0.273,12,0.75,0,3,2,0,2,2,2,39,15,311,1,2,63,1,0.63,1.0,0.7,20.8
2022,32,10,0.5,5,0.455,6,0.857,0,1,5,1,1,1,4,31,16,313,3,2,65,1,0.63,0.69,0.7,21.19
2022,37,11,0.524,2,0.286,10,0.909,0,8,5,0,0,1,4,34,18,315,5,2,43,1,0.63,0.73,0.7,21.55
2022,41,14,0.5,7,0.5,8,0.8,2,8,3,1,1,3,2,43,7,316,6,1,65,1,0.63,0.71,0.7,22.47
2022,38,9,0.391,1,0.111,8,0.8,1,9,1,3,3,1,2,27,2,318,1,2,60,1,0.64,0.9,0.8,23.9
2022,33,6,0.316,3,0.3,4,1.0,1,6,8,1,1,2,1,19,28,320,3,2,37,1,0.64,0.74,0.9,23.37
2022,39,6,0.333,2,0.2,5,0.833,0,7,10,0,0,3,1,19,11,322,5,2,40,1,0.64,0.6,0.9,26.5
2022,36,9,0.474,4,0.4,6,0.857,2,9,7,0,0,4,1,28,-13,325,1,3,41,0,0.64,0.59,0.9,18.82
2022,37,11,0.458,2,0.286,13,0.867,3,10,5,0,2,2,1,37,14,327,3,2,42,1,0.64,0.55,0.9,22.09
2022,31,10,0.588,2,0.333,8,0.889,1,7,4,1,0,3,4,30,12,329,5,2,58,1,0.64,0.73,0.9,21.55
2022,30,15,0.536,4,0.286,1,1.0,0,3,3,2,1,0,3,35,45,332,1,3,66,1,0.64,0.78,0.9,23.5
2022,39,15,0.6,8,0.667,11,0.917,1,10,3,2,0,1,3,49,29,334,3,2,48,1,0.64,0.59,0.9,22.47
2022,41,5,0.278,0,0.0,4,0.667,3,9,3,0,0,5,4,14,0,336,5,2,48,0,0.64,0.56,0.8,22.0
2022,37,10,0.526,3,0.5,6,1.0,2,9,1,4,0,9,3,29,12,338,7,2,51,1,0.64,0.61,0.8,22.44
2022,39,11,0.458,5,0.5,4,0.8,3,9,3,1,1,4,2,31,9,339,1,1,61,1,0.64,0.68,0.8,18.0
2022,29,9,0.474,3,0.375,4,0.667,0,5,2,2,0,3,2,25,26,341,3,2,56,1,0.64,0.6,0.8,19.9
2022,40,6,0.286,2,0.222,4,0.571,1,6,2,3,1,2,2,18,-13,344,6,3,44,0,0.64,0.64,0.7,21.73
2022,37,7,0.35,2,0.25,4,1.0,2,9,4,1,0,3,3,20,-18,346,1,2,46,0,0.64,0.44,0.7,23.33
2022,44,15,0.517,5,0.5,9,0.9,1,8,6,0,1,4,1,44,12,347,2,1,47,1,0.64,0.55,0.7,24.0
2022,38,9,0.45,2,0.25,11,0.917,3,4,3,2,0,2,1,31,-10,350,5,3,53,0,0.64,0.67,0.6,18.4
2022,41,13,0.52,4,0.364,11,0.846,1,4,4,2,1,2,0,41,4,355,3,5,54,0,0.64,0.61,0.5,21.56
2022,35,10,0.455,1,0.167,9,0.818,2,6,5,1,0,3,3,30,11,357,5,2,50,1,0.64,1.0,0.5,23.78
2022,36,14,0.636,3,0.429,10,1.0,0,7,5,3,0,1,3,41,18,359,7,2,49,1,0.64,0.53,0.6,21.76
2022,34,12,0.48,6,0.375,8,1.0,0,8,4,1,1,2,2,38,12,361,2,2,45,1,0.64,0.55,0.6,22.0
2022,36,10,0.385,3,0.273,6,0.6,1,10,1,0,1,2,2,29,-5,363,4,2,46,1,0.64,0.5,0.6,23.9
2022,36,7,0.438,0,0.0,11,0.786,0,7,6,2,0,5,1,25,-15,1,7,3,43,0,0.64,0.67,0.5,21.83
2022,30,9,0.529,2,0.286,7,1.0,1,5,2,0,0,4,2,27,-25,3,2,2,60,0,0.64,0.82,0.5,24.18
2022,35,8,0.364,2,0.25,11,0.917,2,12,10,1,2,2,2,29,15,5,4,2,42,1,0.64,0.58,0.6,22.67
2022,36,13,0.5,5,0.5,3,0.6,0,4,2,0,0,2,3,34,2,7,6,2,59,1,0.64,0.4,0.6,23.4
2022,38,10,0.476,4,0.364,8,1.0,0,8,7,1,0,1,2,32,14,9,1,2,41,1,0.64,0.61,0.7,19.56
2022,36,10,0.455,3,0.375,8,0.8,2,8,4,1,0,0,2,31,12,11,3,2,40,1,0.64,0.64,0.8,26.91
2022,38,7,0.318,2,0.2,4,1.0,0,11,5,0,1,3,3,20,2,12,4,1,51,1,0.64,0.63,0.8,22.32
2022,37,12,0.444,4,0.286,5,1.0,3,6,6,0,1,1,0,33,26,14,6,2,66,1,0.64,0.79,0.8,24.0
2022,40,15,0.652,7,0.583,14,1.0,1,8,5,0,0,4,3,51,15,16,1,2,66,1,0.64,0.8,0.8,25.35
2022,48,9,0.333,4,0.308,12,1.0,2,17,6,3,0,7,2,34,7,19,4,3,44,1,0.64,0.67,0.8,22.75
2022,38,9,0.474,4,0.4,4,0.667,0,6,7,1,0,3,2,26,6,23,1,4,53,0,0.64,0.62,0.8,18.88
2022,40,9,0.5,2,0.4,11,0.786,0,14,7,0,0,7,4,31,-3,24,2,1,48,0,0.64,0.53,0.8,22.47
2022,43,12,0.462,2,0.286,9,1.0,2,12,4,1,1,3,3,35,6,26,4,2,52,0,0.64,0.72,0.7,21.61
2022,47,8,0.32,3,0.3,11,0.917,2,9,4,2,1,6,3,30,2,28,6,2,47,1,0.64,0.58,0.7,24.5
2022,29,12,0.632,7,0.583,0,0.0,1,8,4,2,1,1,1,31,46,32,3,4,51,1,0.64,0.65,0.7,22.75
2022,38,3,0.2,3,0.3,11,0.917,0,6,5,0,0,2,3,20,1,34,5,2,56,0,0.64,0.55,0.6,19.91
2022,39,11,0.458,3,0.333,9,0.9,2,9,6,0,1,3,4,34,16,37,1,3,65,1,0.64,0.72,0.6,23.11
2022,37,5,0.333,1,0.2,1,0.333,1,7,9,1,1,4,2,12,5,39,3,2,55,1,0.64,0.58,0.6,19.47
2022,37,13,0.619,5,0.5,10,0.833,0,4,4,1,2,4,2,41,2,41,5,2,66,1,0.64,0.81,0.6,26.1
2022,38,3,0.188,1,0.125,9,0.75,0,7,3,2,2,3,0,16,7,43,7,2,63,1,0.64,1.0,0.6,20.36
2022,34,15,0.625,6,0.6,2,1.0,0,9,7,0,0,4,3,38,1,46,3,3,65,1,0.64,0.74,0.7,23.89
2022,42,9,0.36,3,0.25,10,0.909,3,9,7,2,1,4,1,31,-8,54,4,8,54,1,0.64,0.63,0.8,22.05
2022,36,7,0.412,3,0.375,1,0.5,3,10,6,0,1,5,1,18,-6,56,6,2,55,1,0.64,0.6,0.9,19.4
2022,37,6,0.333,1,0.111,1,1.0,2,5,9,1,0,4,1,14,-18,58,1,2,52,0,0.64,0.68,0.8,21.21
2022,36,13,0.619,4,0.667,11,0.786,2,9,8,0,0,3,1,41,4,60,3,2,39,1,0.64,0.63,0.8,22.63
2022,38,10,0.435,0,0.0,2,1.0,1,12,5,1,2,4,2,22,-19,62,5,2,51,0,0.64,0.62,0.8,22.71
2022,49,12,0.4,6,0.353,10,0.833,2,9,6,0,0,2,2,40,4,64,7,2,52,0,0.64,0.65,0.7,22.15
2022,31,11,0.647,6,0.6,2,0.5,1,6,2,1,0,3,0,30,21,67,3,3,57,1,0.64,0.64,0.7,26.73
2022,35,12,0.48,5,0.357,5,0.833,0,15,6,0,1,1,5,34,13,70,6,3,37,1,0.64,0.75,0.7,23.9
2022,41,8,0.364,2,0.2,4,1.0,0,8,6,1,0,4,1,22,-2,72,1,2,45,0,0.64,0.5,0.6,22.0
2022,37,4,0.25,0,0.0,14,0.875,1,11,2,2,1,2,5,22,-3,74,3,2,50,1,0.64,1.0,0.6,23.6
2022,36,8,0.4,2,0.182,16,0.889,1,11,4,3,0,5,2,34,11,76,5,2,57,1,0.64,0.67,0.6,27.33
2022,39,4,0.333,3,0.375,4,0.667,0,3,6,0,1,2,3,15,-13,77,6,1,62,0,0.64,0.27,0.5,21.36
2022,35,14,0.56,2,0.286,6,0.545,1,7,4,2,0,1,0,36,21,80,2,3,58,1,0.64,0.75,0.6,22.75
2022,32,13,0.542,3,0.333,5,0.833,0,7,2,2,0,6,3,34,23,83,5,3,54,1,0.64,0.65,0.6,22.65
2022,32,11,0.579,2,0.286,4,1.0,0,9,5,0,1,3,4,28,-10,87,2,4,64,0,0.64,0.53,0.6,21.59
2022,31,12,0.667,8,0.8,8,1.0,1,7,1,0,0,0,1,40,36,89,4,2,49,1,0.64,0.56,0.7,22.78
2022,36,12,0.706,5,0.625,10,0.909,1,10,3,3,0,0,4,39,7,90,5,1,62,1,0.64,0.33,0.7,22.83
2022,38,7,0.35,2,0.25,3,0.6,1,5,6,3,0,2,2,19,-13,94,2,4,55,0,0.64,0.57,0.6,19.38
2022,20,7,0.583,0,0.0,7,0.778,1,2,4,0,0,3,2,21,23,97,5,3,61,1,0.64,0.7,0.7,18.15
2023,39,13,0.591,3,0.375,5,0.833,0,11,4,2,1,4,3,34,0,298,3,201,52,1,0.64,0.67,0.7,22.71
2023,41,9,0.409,3,0.3,1,0.333,0,8,5,1,0,2,4,22,13,300,5,2,48,1,0.64,0.55,0.7,22.45
2023,28,14,0.667,4,0.444,1,1.0,0,6,3,0,0,2,2,33,27,303,1,3,64,1,0.64,0.56,0.8,22.22
2023,27,9,0.6,3,0.6,9,0.9,2,10,4,0,0,2,1,30,36,305,3,2,54,1,0.65,0.67,0.8,23.0
2023,41,10,0.5,6,0.6,6,1.0,1,10,1,0,0,3,1,32,18,308,6,3,51,1,0.65,0.64,0.8,23.14
2023,43,12,0.545,2,0.25,6,0.75,0,5,2,5,0,6,2,32,3,310,1,2,50,0,0.64,0.91,0.8,24.36
2023,37,6,0.429,2,0.333,2,0.667,1,14,6,3,0,2,2,16,-1,312,3,2,55,0,0.64,0.55,0.7,19.23
2023,33,6,0.353,4,0.364,7,0.778,1,9,3,0,0,2,1,23,28,314,5,2,51,1,0.64,0.65,0.7,23.13
2023,34,10,0.556,3,0.333,4,0.667,0,5,4,0,1,1,2,27,42,315,6,1,61,1,0.65,0.71,0.8,18.57
2023,39,13,0.565,5,0.417,4,0.8,1,5,7,1,0,3,5,35,12,317,1,2,52,1,0.65,0.68,0.8,23.27
2023,39,10,0.435,4,0.4,5,0.833,2,6,6,2,0,3,1,29,2,319,3,2,55,1,0.65,0.57,0.8,19.65
2023,37,8,0.364,1,0.091,0,0.0,1,6,2,1,0,3,3,17,-4,321,5,2,61,1,0.65,0.73,0.8,18.5
2023,35,7,0.538,1,1.0,5,0.833,2,7,5,1,1,8,4,20,-1,323,7,2,63,1,0.65,1.0,0.8,20.33
2023,44,15,0.536,7,0.467,8,0.8,0,13,6,0,2,3,1,45,-5,324,1,1,66,0,0.65,0.77,0.7,26.95
2023,36,7,0.412,2,0.222,7,0.778,0,11,4,0,1,2,2,23,-2,326,3,2,49,1,0.65,0.58,0.7,22.79
2023,39,7,0.438,0,0.0,12,0.923,0,5,3,2,0,2,3,26,-21,328,5,2,53,0,0.65,0.59,0.7,19.29
2023,39,11,0.44,5,0.385,7,0.7,1,8,4,2,0,6,2,34,3,330,7,2,37,1,0.65,0.76,0.8,24.38
2023,36,8,0.5,2,0.25,3,1.0,1,6,4,0,0,4,2,21,18,332,2,2,41,1,0.65,0.63,0.8,19.63
2023,27,6,0.667,2,0.4,7,0.778,0,7,4,1,1,7,1,21,-7,335,5,3,55,1,0.65,0.58,0.8,19.71
2023,37,13,0.5,2,0.25,4,0.571,1,11,6,1,0,2,2,32,-14,338,1,3,54,0,0.65,0.64,0.7,23.41
2023,39,8,0.444,3,0.333,6,0.75,0,6,5,1,0,0,3,25,17,342,5,4,52,1,0.65,0.7,0.7,23.35
2023,41,7,0.368,2,0.222,9,1.0,0,10,5,0,2,4,3,25,9,346,2,4,39,1,0.65,0.65,0.7,22.75
2023,36,9,0.409,3,0.3,6,0.75,3,8,3,0,3,3,1,27,2,348,4,2,39,1,0.65,0.67,0.7,22.95
2023,39,11,0.5,2,0.222,6,0.667,0,6,4,0,0,2,3,30,14,349,5,1,53,1,0.65,0.61,0.8,19.89
2023,31,8,0.381,4,0.667,3,0.75,3,5,3,0,1,1,3,23,9,351,7,2,53,1,0.65,0.63,0.8,20.05
2023,41,5,0.294,2,0.222,3,1.0,3,5,7,2,0,0,0,15,-9,353,2,2,44,0,0.65,0.62,0.8,22.15
2023,30,9,0.563,5,0.5,7,0.778,0,4,2,1,0,2,0,30,19,357,6,4,46,1,0.65,0.55,0.8,24.45
2023,41,6,0.4,1,0.167,12,0.923,0,8,7,0,1,1,0,25,10,359,1,2,47,1,0.65,0.62,0.8,24.54
2023,43,11,0.355,2,0.182,7,0.875,2,5,10,5,0,3,4,31,10,362,4,3,65,1,0.65,0.75,0.8,24.25
2023,31,10,0.588,5,0.5,0,0.0,1,5,2,0,2,3,1,25,32,365,7,3,59,1,0.65,0.45,0.9,23.55
2023,38,10,0.476,2,0.4,8,0.8,5,8,8,1,0,4,3,30,0,2,2,2,60,0,0.65,0.75,0.8,24.67
2023,25,6,0.5,5,0.625,13,0.929,0,9,5,1,1,1,1,30,34,5,5,3,62,1,0.65,0.38,0.8,23.38
2023,38,14,0.609,8,0.615,2,0.5,1,12,6,1,0,4,4,38,19,6,6,1,54,1,0.65,0.65,0.8,24.04
2023,42,13,0.5,6,0.545,13,0.929,0,4,2,1,0,1,3,45,3,10,3,4,50,1,0.65,0.92,0.8,26.08
2023,16,2,0.333,0,0.0,3,0.75,0,1,3,0,0,1,2,7,-31,11,4,1,49,0,0.65,0.55,0.7,22.0
2023,30,9,0.529,4,0.571,5,0.714,1,7,5,1,1,2,2,27,9,13,6,2,45,1,0.65,0.54,0.8,22.38
2023,37,7,0.368,1,0.167,4,1.0,0,14,6,1,1,1,2,19,8,15,1,2,61,1,0.65,0.74,0.8,18.52
2023,32,9,0.429,3,0.375,3,0.6,0,5,2,0,0,2,2,24,11,17,3,2,59,1,0.65,0.5,0.8,23.58
2023,39,9,0.375,1,0.125,3,1.0,2,6,5,1,0,0,1,22,6,19,5,2,43,0,0.65,0.62,0.7,21.85
2023,35,4,0.235,1,0.167,9,0.75,1,6,3,1,0,2,0,18,-4,21,7,2,45,1,0.65,0.57,0.7,22.07
2023,41,11,0.524,2,0.25,15,0.789,0,11,5,3,2,0,4,39,27,22,1,1,42,1,0.65,0.62,0.8,23.92
2023,32,7,0.467,3,0.429,9,0.9,1,7,4,0,0,1,1,26,22,25,4,3,48,1,0.65,0.57,0.8,22.62
2023,30,8,0.444,2,0.5,3,1.0,3,8,1,0,1,3,2,21,-32,27,6,2,46,0,0.65,0.5,0.7,24.17
2023,38,10,0.556,2,0.25,6,0.857,0,10,8,3,1,7,1,28,9,29,1,2,40,1,0.65,0.67,0.7,27.0
2023,39,12,0.632,4,0.444,2,0.667,0,7,7,1,2,2,2,30,-4,30,2,1,54,1,0.65,0.67,0.8,24.29
2023,37,8,0.381,5,0.5,2,1.0,2,5,3,1,1,2,3,23,-12,32,4,2,47,0,0.65,0.57,0.7,24.43
2023,31,12,0.545,6,0.5,4,1.0,1,7,7,1,0,2,1,34,27,35,7,3,63,1,0.65,1.0,0.7,21.38
2023,36,8,0.381,2,0.154,2,1.0,0,9,7,1,0,3,3,20,3,38,3,3,37,1,0.66,0.77,0.7,24.18
2023,38,12,0.545,3,0.3,8,0.889,1,9,8,1,2,2,1,35,9,40,5,2,64,1,0.66,0.58,0.8,22.89
2023,39,11,0.55,2,0.333,2,1.0,1,9,9,0,2,1,1,26,5,42,7,2,48,1,0.66,0.59,0.8,22.77
2023,39,14,0.538,5,0.455,8,1.0,0,14,5,2,1,2,3,41,21,44,2,2,51,1,0.66,0.67,0.8,23.88
2023,28,7,0.438,2,0.286,4,0.8,1,6,9,0,0,1,0,20,27,45,3,1,51,1,0.66,0.68,0.8,23.72
2023,35,8,0.471,5,0.5,4,0.667,0,7,5,3,0,3,3,25,13,53,4,8,41,1,0.66,0.65,0.9,19.9
2023,43,7,0.467,2,0.25,3,0.75,1,5,6,2,1,4,3,19,15,55,6,2,52,1,0.66,0.71,0.9,23.17
2023,35,9,0.45,1,0.143,10,0.909,0,11,8,0,1,1,1,29,27,58,2,3,55,1,0.66,0.6,0.9,20.08
2023,37,10,0.526,5,0.556,7,1.0,0,8,3,0,0,4,2,32,17,61,5,3,42,1,0.66,0.64,1.0,24.5
2023,25,9,0.692,4,0.8,5,1.0,0,3,5,1,1,0,2,27,40,63,7,2,44,1,0.66,0.64,1.0,22.5
2023,38,8,0.381,5,0.556,5,0.833,2,11,2,0,0,2,3,26,-7,65,2,2,39,0,0.66,0.64,0.9,23.09
2023,39,5,0.385,2,0.4,3,0.75,1,3,8,2,0,5,4,15,-2,67,4,2,43,0,0.66,0.57,0.8,21.36
2023,42,11,0.393,5,0.556,2,1.0,3,7,7,1,0,4,0,29,4,69,6,2,56,1,0.66,0.58,0.8,20.67
2023,36,9,0.391,2,0.25,6,0.75,0,5,8,0,0,1,0,26,16,71,1,2,57,1,0.66,0.69,0.8,27.23
2023,34,13,0.52,4,0.4,8,1.0,2,4,2,0,1,3,3,38,8,72,2,1,62,1,0.66,0.43,0.8,24.43
2023,33,10,0.556,4,0.5,2,0.667,1,4,5,0,0,3,3,26,26,74,4,2,56,1,0.66,0.62,0.8,21.08
2023,27,8,0.471,6,0.5,8,0.8,0,6,6,3,1,2,1,30,26,77,7,3,64,1,0.66,0.6,0.8,23.25
2023,39,9,0.474,4,0.571,9,0.9,0,8,4,3,2,2,2,31,2,80,3,3,49,1,0.66,0.57,0.8,22.43
2023,37,8,0.4,2,0.286,8,0.889,1,1,6,1,1,5,1,26,5,83,6,3,41,1,0.66,0.67,0.8,20.19
2023,39,13,0.5,2,0.286,9,0.818,2,6,5,2,1,2,1,37,3,85,1,2,37,0,0.66,0.74,0.7,24.74
2023,45,9,0.409,2,0.286,11,0.846,3,10,6,0,0,2,3,31,-11,88,4,3,37,0,0.66,0.71,0.7,25.0
2023,36,10,0.588,3,0.5,0,0.0,1,8,4,0,0,4,1,23,8,90,6,2,40,1,0.66,0.69,0.8,26.69
2023,34,9,0.474,4,0.4,3,1.0,0,10,4,2,1,4,2,25,14,92,1,2,66,1,0.66,0.78,0.8,26.87
2023,29,7,0.467,2,0.4,8,1.0,3,4,3,1,0,0,2,24,14,94,3,2,60,1,0.66,0.77,0.8,24.62
2023,33,5,0.333,1,0.167,6,0.75,0,6,5,0,0,3,0,17,14,96,5,2,58,1,0.66,0.77,0.8,22.31
2023,37,9,0.474,4,0.444,0,0.0,0,5,6,0,1,2,1,22,-11,100,2,4,49,0,0.66,0.55,0.7,22.41
2023,32,5,0.385,1,0.143,7,0.778,1,3,7,2,1,2,3,18,-30,102,4,2,52,0,0.66,0.68,0.6,22.96
2024,30,14,0.778,8,0.727,1,0.5,0,4,10,1,1,1,1,37,26,296,2,194,52,1,0.66,0.69,0.6,23.5
2024,29,9,0.45,3,0.273,4,0.571,2,9,6,1,0,1,1,25,14,298,4,2,64,1,0.66,0.62,0.6,23.33
2024,38,12,0.462,6,0.462,7,0.778,1,3,2,2,1,1,5,37,1,300,6,2,65,1,0.66,0.76,0.7,24.86
2024,36,6,0.375,1,0.125,2,1.0,0,8,4,2,1,3,5,15,18,302,1,2,49,1,0.66,0.57,0.8,22.09
2024,43,10,0.4,5,0.278,12,0.8,1,7,4,4,0,3,3,37,-7,304,3,2,54,0,0.66,0.64,0.7,24.8
2024,36,9,0.474,3,0.333,11,0.846,1,10,3,3,1,5,1,32,16,306,5,2,66,1,0.66,0.79,0.7,27.08
2024,34,7,0.467,1,0.111,14,0.824,0,7,3,0,0,5,3,29,4,307,6,1,66,1,0.66,0.8,0.7,27.16
2024,30,10,0.476,6,0.429,2,0.667,0,6,9,2,0,1,0,28,27,309,1,2,37,1,0.66,0.72,0.7,25.12
2024,37,10,0.5,5,0.5,7,0.778,0,4,2,1,1,4,3,32,-5,311,3,2,44,0,0.66,0.6,0.7,23.13
2024,42,11,0.44,5,0.385,6,0.857,0,9,6,2,1,3,3,33,10,313,5,2,51,1,0.66,0.69,0.8,24.08
2024,40,7,0.333,4,0.333,13,0.867,0,12,6,0,0,5,3,31,9,315,7,2,49,1,0.66,0.58,0.8,22.46
2024,37,5,0.313,2,0.222,8,1.0,0,6,8,1,2,5,3,20,4,317,2,2,37,0,0.66,0.69,0.7,24.92
2024,35,12,0.632,5,0.833,7,0.778,1,8,10,0,0,1,3,36,24,318,3,1,51,1,0.66,0.7,0.7,24.52
2024,42,7,0.368,5,0.417,5,1.0,0,11,9,0,0,2,3,24,1,321,6,3,61,1,0.66,0.75,0.7,18.75
2024,38,11,0.5,6,0.6,5,0.714,0,12,7,2,0,4,3,33,2,324,2,3,39,1,0.66,0.65,0.8,23.52
2024,37,6,0.316,0,0.0,4,0.667,1,8,8,2,0,3,2,16,20,327,5,3,64,1,0.67,0.64,0.8,23.0
2024,38,8,0.381,5,0.417,5,0.833,0,8,4,2,0,1,4,26,7,329,7,2,50,1,0.67,0.92,0.8,26.08
2024,30,7,0.467,2,0.333,4,0.667,1,8,4,0,2,3,1,20,15,330,1,1,46,1,0.67,0.54,0.8,23.85
2024,36,12,0.667,4,0.5,7,0.7,1,13,5,1,1,3,0,35,13,334,5,4,41,1,0.67,0.68,0.9,20.86
2024,38,12,0.444,4,0.444,5,1.0,0,8,4,1,1,2,2,33,1,336,7,2,39,0,0.67,0.62,0.8,23.92
2024,36,7,0.333,3,0.25,1,1.0,1,10,4,1,0,6,2,18,13,337,1,1,48,1,0.67,0.61,0.8,22.57
2024,37,12,0.6,4,0.4,6,0.75,1,9,5,0,0,1,4,34,14,341,5,4,49,1,0.67,0.6,0.9,22.92
2024,38,6,0.286,1,0.1,4,0.8,1,12,9,0,0,1,2,17,-3,342,6,1,63,0,0.67,0.93,0.8,21.07
2024,35,12,0.462,2,0.222,2,1.0,1,11,2,0,0,4,4,28,4,350,7,8,64,1,0.67,0.65,0.8,23.22
2024,37,10,0.455,4,0.364,7,0.778,0,10,4,2,0,1,4,31,0,354,4,4,41,0,0.67,0.65,0.7,21.3
2024,36,16,0.667,9,0.6,2,1.0,1,14,10,0,0,4,2,43,13,356,6,2,41,1,0.67,0.67,0.7,22.21
2024,42,11,0.55,4,0.5,6,0.857,2,13,4,1,1,3,2,32,5,360,3,4,55,0,0.66,0.58,0.6,20.54
2024,32,7,0.467,3,0.3,5,0.833,1,12,4,3,0,1,2,22,21,362,5,2,54,1,0.67,0.65,0.6,24.69
2024,41,8,0.471,2,0.2,4,0.8,2,7,6,3,1,3,3,22,-21,364,7,2,54,0,0.66,0.63,0.5,24.59
2024,29,6,0.462,4,0.444,7,0.636,0,8,3,1,0,3,2,23,38,366,2,2,61,1,0.66,0.76,0.6,18.92
2024,38,13,0.481,6,0.353,1,0.5,0,8,9,3,0,2,2,33,3,2,4,2,50,1,0.67,0.93,0.6,26.57
2024,33,7,0.368,4,0.4,2,1.0,1,5,5,1,0,3,1,20,11,3,5,1,45,1,0.67,0.6,0.6,21.93
2024,39,7,0.412,2,0.333,10,0.833,1,9,1,2,0,2,1,26,-12,5,7,2,60,0,0.66,0.71,0.6,24.71
2024,38,11,0.478,1,0.111,6,1.0,0,4,6,1,2,2,2,29,23,7,2,2,43,1,0.67,0.6,0.6,21.87
2024,35,5,0.385,3,0.429,2,0.667,0,12,5,0,0,8,3,15,-11,10,5,3,58,0,0.66,0.71,0.6,21.79
2024,36,14,0.467,2,0.2,8,0.8,3,8,1,1,1,3,1,38,-9,12,7,2,40,1,0.66,0.71,0.6,27.5
2024,36,5,0.333,3,0.333,3,0.6,1,9,7,0,1,1,2,16,-1,15,3,3,61,0,0.66,0.73,0.6,18.81
2024,35,12,0.571,4,0.444,2,0.667,0,6,4,2,1,1,2,30,24,17,5,2,53,1,0.66,0.65,0.6,20.55
2024,43,7,0.333,2,0.222,7,0.875,0,8,7,3,0,3,2,23,0,18,6,1,37,0,0.66,0.67,0.6,24.85
2024,28,9,0.45,3,0.3,1,1.0,0,9,7,2,0,3,1,22,28,20,1,2,44,1,0.66,0.62,0.6,23.06
2024,43,9,0.409,4,0.308,2,0.667,0,7,8,1,2,5,1,24,1,22,3,2,46,1,0.66,0.57,0.6,23.86
2024,30,5,0.417,2,0.333,4,0.571,0,6,5,1,1,2,1,16,-13,23,4,1,47,0,0.66,0.53,0.5,23.87
2024,35,8,0.364,4,0.333,4,1.0,0,6,3,1,0,3,5,24,-4,25,6,2,42,1,0.66,0.67,0.6,24.47
